Guardians of the Galaxy,Action
Prometheus,Adventure
Split,Horror
Sing,Animation
Suicide Squad,Action
The Great Wall,Action
La La Land,Comedy
Mindhorn,Comedy
The Lost City of Z,Action
Passengers,Adventure
Fantastic Beasts and Where to Find Them,Adventure
Hidden Figures,Biography
Rogue One,Action
Moana,Animation
Colossal,Action
The Secret Life of Pets,Animation
Hacksaw Ridge,Biography
Jason Bourne,Action
Lion,Biography
Arrival,Drama
Gold,Adventure
Manchester by the Sea,Drama
Hounds of Love,Crime
Trolls,Animation
Independence Day: Resurgence,Action
Paris pieds nus,Comedy
Bahubali: The Beginning,Action
Dead Awake,Horror
Bad Moms,Comedy
Assassin's Creed,Action
Why Him?,Comedy
Nocturnal Animals,Drama
X-Men: Apocalypse,Action
Deadpool,Action
Resident Evil: The Final Chapter,Action
Captain America: Civil War,Action
Interstellar,Adventure
Doctor Strange,Action
The Magnificent Seven,Action
5- 25- 77,Comedy
Sausage Party,Animation
Moonlight,Drama
Don't Fuck in the Woods,Horror
The Founder,Biography
Lowriders,Drama
Pirates of the Caribbean: On Stranger Tides,Action
Miss Sloane,Drama
Fallen,Adventure
Star Trek Beyond,Action
The Last Face,Drama
Star Wars: Episode VII - The Force Awakens,Action
Underworld: Blood Wars,Action
Mother's Day,Comedy
John Wick,Action
The Dark Knight,Action
Silence,Adventure
Don't Breathe,Crime
Me Before You,Drama
Their Finest,Comedy
Sully,Biography
Batman v Superman: Dawn of Justice,Action
The Autopsy of Jane Doe,Horror
The Girl on the Train,Crime
Fifty Shades of Grey,Drama
The Prestige,Drama
Kingsman: The Secret Service,Action
Patriots Day,Drama
Mad Max: Fury Road,Action
Wakefield,Drama
Deepwater Horizon,Action
The Promise,Drama
Allied,Action
A Monster Calls,Drama
Collateral Beauty,Drama
Zootopia,Animation
Pirates of the Caribbean: At World's End,Action
The Avengers,Action
Inglourious Basterds,Adventure
Pirates of the Caribbean: Dead Man's Chest,Action
Ghostbusters,Action
Inception,Action
Captain Fantastic,Comedy
The Wolf of Wall Street,Biography
Gone Girl,Crime
Furious Seven,Action
Jurassic World,Action
Live by Night,Crime
Avatar,Action
The Hateful Eight,Crime
The Accountant,Action
Prisoners,Crime
Warcraft,Action
The Help,Drama
War Dogs,Comedy
Avengers: Age of Ultron,Action
The Nice Guys,Action
Kimi no na wa,Animation
The Void,Horror
Personal Shopper,Drama
The Departed,Crime
Legend,Biography
Thor,Action
The Martian,Adventure
Contratiempo,Crime
The Man from U.N.C.L.E.,Action
Hell or High Water,Crime
The Comedian,Comedy
The Legend of Tarzan,Action
All We Had,Drama
Ex Machina,Drama
The Belko Experiment,Action
12 Years a Slave,Biography
The Bad Batch,Romance
300,Action
Harry Potter and the Deathly Hallows: Part 2,Adventure
Office Christmas Party,Comedy
The Neon Demon,Horror
Dangal,Action
10 Cloverfield Lane,Drama
Finding Dory,Animation
Miss Peregrine's Home for Peculiar Children,Adventure
Divergent,Adventure
Mike and Dave Need Wedding Dates,Adventure
Boyka: Undisputed IV,Action
The Dark Knight Rises,Action
The Jungle Book,Adventure
Transformers: Age of Extinction,Action
Nerve,Adventure
Mamma Mia!,Comedy
The Revenant,Adventure
Fences,Drama
Into the Woods,Adventure
The Shallows,Drama
Whiplash,Drama
Furious 6,Action
The Place Beyond the Pines,Crime
No Country for Old Men,Crime
The Great Gatsby,Drama
Shutter Island,Mystery
Brimstone,Mystery
Star Trek,Action
Diary of a Wimpy Kid,Comedy
The Big Short,Biography
Room,Drama
Django Unchained,Drama
Ah-ga-ssi,Drama
The Edge of Seventeen,Comedy
Watchmen,Action
Superbad,Comedy
Inferno,Action
The BFG,Adventure
The Hunger Games,Adventure
White Girl,Drama
Sicario,Action
Twin Peaks: The Missing Pieces,Drama
Aliens vs Predator - Requiem,Action
Pacific Rim,Action
Crazy, Stupid
Scott Pilgrim vs. the World,Action
Hot Fuzz,Action
Mine,Thriller
Free Fire,Action
X-Men: Days of Future Past,Action
Jack Reacher: Never Go Back,Action
Casino Royale,Action
Twilight,Drama
Now You See Me 2,Action
Woman in Gold,Biography
13 Hours,Action
Spectre,Action
Nightcrawler,Crime
Kubo and the Two Strings,Animation
Beyond the Gates,Adventure
Her,Drama
Frozen,Animation
Tomorrowland,Action
Dawn of the Planet of the Apes,Action
Tropic Thunder,Action
The Conjuring 2,Horror
Ant-Man,Action
Bridget Jones's Baby,Comedy
The VVitch: A New-England Folktale,Horror
Cinderella,Drama
Realive,Sci-Fi
Forushande,Drama
Love,Drama
Billy Lynn's Long Halftime Walk,Drama
Crimson Peak,Drama
Drive,Crime
Trainwreck,Comedy
The Light Between Oceans,Drama
Below Her Mouth,Drama
Spotlight,Crime
Morgan,Horror
Warrior,Action
Captain America: The First Avenger,Action
Hacker,Crime
Into the Wild,Adventure
The Imitation Game,Biography
Central Intelligence,Action
Edge of Tomorrow,Action
A Cure for Wellness,Drama
Snowden,Biography
Iron Man,Action
Allegiant,Action
X: First Class,Action
Raw (II),Drama
Paterson,Comedy
Bridesmaids,Comedy
The Girl with All the Gifts,Drama
San Andreas,Action
Spring Breakers,Drama
Transformers,Action
Old Boy,Action
Thor: The Dark World,Action
Gods of Egypt,Action
Captain America: The Winter Soldier,Action
Monster Trucks,Action
A Dark Song,Drama
Kick-Ass,Action
Hardcore Henry,Action
Cars,Animation
It Follows,Horror
The Girl with the Dragon Tattoo,Crime
We're the Millers,Comedy
American Honey,Drama
The Lobster,Comedy
Predators,Action
Maleficent,Action
Rupture,Horror
Pan's Labyrinth,Drama
A Kind of Murder,Crime
Apocalypto,Action
Mission: Impossible - Rogue Nation,Action
The Huntsman: Winter's War,Action
The Perks of Being a Wallflower,Drama
Jackie,Biography
The Disappointments Room,Drama
The Grand Budapest Hotel,Adventure
The Host,Action
Fury,Action
Inside Out,Animation
Rock Dog,Animation
Terminator Genisys,Action
Percy Jackson & the Olympians: The Lightning Thief,Adventure
Les Misérables,Drama
Children of Men,Drama
20th Century Women,Comedy
Spy,Action
The Intouchables,Biography
Bonjour Anne,Comedy
Kynodontas,Drama
Straight Outta Compton,Biography
The Amazing Spider-Man 2,Action
The Conjuring,Horror
The Hangover,Comedy
Battleship,Action
Rise of the Planet of the Apes,Action
Lights Out,Horror
Norman: The Moderate Rise and Tragic Fall of a New York Fixer,Drama
Birdman or (The Unexpected Virtue of Ignorance),Comedy
Black Swan,Drama
Dear White People,Comedy
Nymphomaniac: Vol. I,Drama
Teenage Mutant Ninja Turtles: Out of the Shadows,Action
Knock Knock,Drama
Dirty Grandpa,Comedy
Cloud Atlas,Drama
X-Men Origins: Wolverine,Action
Satanic,Horror
Skyfall,Action
The Hobbit: An Unexpected Journey,Adventure
21 Jump Street,Action
Sing Street,Comedy
Ballerina,Animation
Oblivion,Action
22 Jump Street,Action
Zodiac,Crime
Everybody Wants Some!!,Comedy
Iron Man Three,Action
Now You See Me,Crime
Sherlock Holmes,Action
Death Proof,Thriller
The Danish Girl,Biography
Hercules,Action
Sucker Punch,Action
Keeping Up with the Joneses,Action
Jupiter Ascending,Action
Masterminds,Action
Iris,Thriller
Busanhaeng,Action
Pitch Perfect,Comedy
Neighbors 2: Sorority Rising,Comedy
The Exception,Drama
Man of Steel,Action
The Choice,Drama
Ice Age: Collision Course,Animation
The Devil Wears Prada,Comedy
The Infiltrator,Biography
There Will Be Blood,Drama
The Equalizer,Action
Lone Survivor,Action
The Cabin in the Woods,Horror
The House Bunny,Comedy
She's Out of My League,Comedy
Inherent Vice,Comedy
Alice Through the Looking Glass,Adventure
Vincent N Roxxy,Crime
The Fast and the Furious: Tokyo Drift,Action
How to Be Single,Comedy
The Blind Side,Biography
La vie d'Adèle,Drama
The Babadook,Drama
The Hobbit: The Battle of the Five Armies,Adventure
Harry Potter and the Order of the Phoenix,Adventure
Snowpiercer,Action
The 5th Wave,Action
The Stakelander,Action
The Visit,Comedy
Fast Five,Action
Step Up,Crime
Lovesong,Drama
RocknRolla,Action
In Time,Action
The Social Network,Biography
The Last Witch Hunter,Action
Victor Frankenstein,Drama
A Street Cat Named Bob,Biography
Green Room,Crime
Blackhat,Crime
Storks,Animation
American Sniper,Action
Dallas Buyers Club,Biography
Lincoln,Biography
Rush,Action
Before I Wake,Drama
Silver Linings Playbook,Comedy
Tracktown,Drama
The Fault in Our Stars,Drama
Blended,Comedy
Fast & Furious,Action
Looper,Action
White House Down,Action
Pete's Dragon,Adventure
Spider-Man 3,Action
The Three Musketeers,Action
Stardust,Adventure
American Hustle,Crime
Jennifer's Body,Comedy
Midnight in Paris,Comedy
Lady Macbeth,Drama
Joy,Drama
The Dressmaker,Comedy
Café Society,Comedy
Insurgent,Adventure
Seventh Son,Action
Demain tout commence,Comedy
The Theory of Everything,Biography
This Is the End,Comedy
About Time,Comedy
Step Brothers,Comedy
Clown,Horror
Star Trek Into Darkness,Action
Zombieland,Adventure
Hail, Caesar!
Slumdog Millionaire,Drama
The Twilight Saga: Breaking Dawn - Part 2,Adventure
American Wrestler: The Wizard,Drama
The Amazing Spider-Man,Action
Ben-Hur,Action
Sleight,Action
The Maze Runner,Action
Criminal,Action
Wanted,Action
Florence Foster Jenkins,Biography
Collide,Action
Black Mass,Biography
Creed,Drama
Swiss Army Man,Adventure
The Expendables 3,Action
What We Do in the Shadows,Comedy
Southpaw,Drama
Hush,Horror
Bridge of Spies,Drama
The Lego Movie,Animation
Everest,Action
Pixels,Action
Robin Hood,Action
The Wolverine,Action
John Carter,Action
Keanu,Action
The Gunman,Action
Steve Jobs,Biography
Whisky Galore,Comedy
Grown Ups 2,Comedy
The Age of Adaline,Drama
The Incredible Hulk,Action
Couples Retreat,Comedy
Absolutely Anything,Comedy
Magic Mike,Comedy
Minions,Animation
The Black Room,Horror
Bronson,Action
Despicable Me,Animation
The Best of Me,Drama
The Invitation,Drama
Zero Dark Thirty,Drama
Tangled,Animation
The Hunger Games: Mockingjay - Part 2,Action
Vacation,Adventure
Taken,Action
Pitch Perfect 2,Comedy
Monsters University,Animation
Elle,Crime
Mechanic: Resurrection,Action
Tusk,Comedy
The Headhunter's Calling,Drama
Atonement,Drama
Harry Potter and the Deathly Hallows: Part 1,Adventure
Shame,Drama
Hanna,Action
The Babysitters,Drama
Pride and Prejudice and Zombies,Action
300: Rise of an Empire,Action
London Has Fallen,Action
The Curious Case of Benjamin Button,Drama
Sin City: A Dame to Kill For,Action
The Bourne Ultimatum,Action
Srpski film,Horror
The Purge: Election Year,Action
3 Idiots,Comedy
Zoolander 2,Comedy
World War Z,Action
Mission: Impossible - Ghost Protocol,Action
Let Me Make You a Martyr,Action
Filth,Comedy
The Longest Ride,Drama
The imposible,Drama
Kick-Ass 2,Action
Folk Hero & Funny Guy,Comedy
Oz the Great and Powerful,Adventure
Brooklyn,Drama
Coraline,Animation
Blue Valentine,Drama
The Thinning,Thriller
Silent Hill,Adventure
Dredd,Action
Hunt for the Wilderpeople,Adventure
Big Hero 6,Animation
Carrie,Drama
Iron Man 2,Action
Demolition,Comedy
Pandorum,Action
Olympus Has Fallen,Action
I Am Number Four,Action
Jagten,Drama
The Proposal,Comedy
Get Hard,Comedy
Just Go with It,Comedy
Revolutionary Road,Drama
The Town,Crime
The Boy,Horror
Denial,Biography
Predestination,Drama
Goosebumps,Adventure
Sherlock Holmes: A Game of Shadows,Action
Salt,Action
Enemy,Mystery
District 9,Action
The Other Guys,Action
American Gangster,Biography
Marie Antoinette,Biography
2012,Action
Harry Potter and the Half-Blood Prince,Adventure
Argo,Biography
Eddie the Eagle,Biography
The Lives of Others,Drama
Pet,Horror
Paint It Black,Drama
Macbeth,Drama
Forgetting Sarah Marshall,Comedy
The Giver,Drama
Triple 9,Action
Perfetti sconosciuti,Comedy
Angry Birds,Animation
Moonrise Kingdom,Adventure
Hairspray,Comedy
Safe Haven,Drama
Focus,Comedy
Ratatouille,Animation
Stake Land,Drama
The Book of Eli,Action
Cloverfield,Action
Point Break,Action
Under the Skin,Drama
I Am Legend,Drama
Men in Black 3,Action
Super 8,Mystery
Law Abiding Citizen,Crime
Up,Animation
Maze Runner: The Scorch Trials,Action
Carol,Drama
Imperium,Crime
Youth,Comedy
Mr. Nobody,Drama
City of Tiny Lights,Crime
Savages,Crime
(500) Days of Summer,Comedy
Movie 43,Comedy
Gravity,Drama
The Boy in the Striped Pyjamas,Drama
Shooter,Action
The Happening,Sci-Fi
Bone Tomahawk,Adventure
Magic Mike XXL,Comedy
Easy A,Comedy
Exodus: Gods and Kings,Action
Chappie,Action
The Hobbit: The Desolation of Smaug,Adventure
Half of a Yellow Sun,Drama
Anthropoid,Biography
The Counselor,Crime
Viking,Action
Whiskey Tango Foxtrot,Biography
Trust,Crime
Birth of the Dragon,Action
Elysium,Action
The Green Inferno,Adventure
Godzilla,Action
The Bourne Legacy,Action
A Good Year,Comedy
Friend Request,Horror
Deja Vu,Action
Lucy,Action
A Quiet Passion,Biography
Need for Speed,Action
Jack Reacher,Action
The Do-Over,Action
True Crimes,Crime
American Pastoral,Crime
The Ghost Writer,Mystery
Limitless,Mystery
Spectral,Action
P.S. I Love You,Drama
Zipper,Drama
Midnight Special,Drama
Don't Think Twice,Comedy
Alice in Wonderland,Adventure
Chuck,Biography
I, Daniel Blake
The Break-Up,Comedy
Loving,Biography
Fantastic Four,Action
The Survivalist,Drama
Colonia,Drama
The Boy Next Door,Mystery
The Gift,Mystery
Dracula Untold,Action
In the Heart of the Sea,Action
Idiocracy,Adventure
The Expendables,Action
Evil Dead,Fantasy
Sinister,Horror
Wreck-It Ralph,Animation
Snow White and the Huntsman,Action
Pan,Adventure
Transformers: Dark of the Moon,Action
Juno,Comedy
A Hologram for the King,Comedy
Money Monster,Crime
The Other Woman,Comedy
Enchanted,Animation
The Intern,Comedy
Little Miss Sunshine,Comedy
Bleed for This,Biography
Clash of the Titans,Action
The Finest Hours,Action
Tron,Action
The Hunger Games: Catching Fire,Action
All Good Things,Crime
Kickboxer: Vengeance,Action
The Last Airbender,Action
Sex Tape,Comedy
What to Expect When You're Expecting,Comedy
Moneyball,Biography
Ghost Rider,Action
Unbroken,Biography
Immortals,Action
Sunshine,Adventure
Brave,Animation
Män som hatar kvinnor,Drama
Adoration,Drama
The Drop,Crime
She's the Man,Comedy
Daddy's Home,Comedy
Let Me In,Drama
Never Back Down,Action
Grimsby,Action
Moon,Drama
Megamind,Animation
Gangster Squad,Action
Blood Father,Action
He's Just Not That Into You,Comedy
Kung Fu Panda 3,Animation
The Rise of the Krays,Crime
Handsome Devil,Drama
Winter's Bone,Drama
Horrible Bosses,Comedy
Mommy,Drama
Hellboy II: The Golden Army,Action
Beautiful Creatures,Drama
Toni Erdmann,Comedy
The Lovely Bones,Drama
The Assassination of Jesse James by the Coward Robert Ford,Biography
Don Jon,Comedy
Bastille Day,Action
2307: Winter's Dream,Sci-Fi
Free State of Jones,Action
Mr. Right,Action
The Secret Life of Walter Mitty,Adventure
Dope,Comedy
Underworld Awakening,Action
Antichrist,Drama
Friday the 13th,Horror
Taken 3,Action
Total Recall,Action
X-Men: The Last Stand,Action
The Escort,Comedy
The Whole Truth,Crime
Night at the Museum: Secret of the Tomb,Adventure
Love & Other Drugs,Comedy
The Interview,Comedy
The Host,Comedy
Megan Is Missing,Drama
WALL·E,Animation
Knocked Up,Comedy
Source Code,Mystery
Lawless,Crime
Unfriended,Drama
American Reunion,Comedy
The Pursuit of Happyness,Biography
Relatos salvajes,Comedy
The Ridiculous 6,Comedy
Frantz,Drama
Viral,Drama
Gran Torino,Drama
Burnt,Comedy
Tall Men,Fantasy
Sleeping Beauty,Drama
Vampire Academy,Action
Sweeney Todd: The Demon Barber of Fleet Street,Drama
Solace,Crime
Insidious,Horror
Popstar: Never Stop Never Stopping,Comedy
The Levelling,Drama
Public Enemies,Biography
Boyhood,Drama
Teenage Mutant Ninja Turtles,Action
Eastern Promises,Crime
The Daughter,Drama
Pineapple Express,Action
The First Time,Comedy
Gone Baby Gone,Crime
The Heat,Action
L'avenir,Drama
Anna Karenina,Drama
Regression,Crime
Ted 2,Adventure
Pain & Gain,Comedy
Blood Diamond,Adventure
Devil's Knot,Biography
Child 44,Crime
The Hurt Locker,Drama
Green Lantern,Action
War on Everyone,Action
The Mist,Horror
Escape Plan,Action
Love, Rosie
The DUFF,Comedy
The Age of Shadows,Action
The Hunger Games: Mockingjay - Part 1,Action
We Need to Talk About Kevin,Drama
Love & Friendship,Comedy
The Mortal Instruments: City of Bones,Action
Seven Pounds,Drama
The King's Speech,Biography
Hunger,Biography
Jumper,Action
Toy Story 3,Animation
Tinker Tailor Soldier Spy,Drama
Resident Evil: Retribution,Action
Dear Zindagi,Drama
Genius,Biography
Pompeii,Action
Life of Pi,Adventure
Hachi: A Dog's Tale,Drama
10 Years,Comedy
I Origins,Drama
Live Free or Die Hard,Action
The Matchbreaker,Comedy
Funny Games,Crime
Ted,Comedy
RED,Action
Australia,Adventure
Faster,Action
The Neighbor,Crime
The Adjustment Bureau,Romance
The Hollars,Comedy
The Judge,Crime
Closed Circuit,Crime
Transformers: Revenge of the Fallen,Action
La tortue rouge,Animation
The Book of Life,Animation
Incendies,Drama
The Heartbreak Kid,Comedy
Happy Feet,Animation
Entourage,Comedy
The Strangers,Horror
Noah,Action
Neighbors,Comedy
Nymphomaniac: Vol. II,Drama
Wild,Adventure
Grown Ups,Comedy
Blair Witch,Horror
The Karate Kid,Action
Dark Shadows,Comedy
Friends with Benefits,Comedy
The Illusionist,Drama
The A-Team,Action
The Guest,Thriller
The Internship,Comedy
Paul,Adventure
This Beautiful Fantastic,Comedy
The Da Vinci Code,Mystery
Mr. Church,Comedy
Hugo,Adventure
The Blackcoat's Daughter,Horror
Body of Lies,Action
Knight of Cups,Drama
The Mummy: Tomb of the Dragon Emperor,Action
The Boss,Comedy
Hands of Stone,Action
El secreto de sus ojos,Drama
True Grit,Adventure
We Are Your Friends,Drama
A Million Ways to Die in the West,Comedy
Only for One Night,Thriller
Rules Don't Apply,Comedy
Ouija: Origin of Evil,Horror
Percy Jackson: Sea of Monsters,Adventure
Fracture,Crime
Oculus,Horror
In Bruges,Comedy
This Means War,Action
Lída Baarová,Biography
The Road,Adventure
Lavender,Drama
Deuces,Drama
Conan the Barbarian,Action
The Fighter,Action
August Rush,Drama
Chef,Comedy
Eye in the Sky,Drama
Eagle Eye,Action
The Purge,Horror
PK,Comedy
Ender's Game,Action
Indiana Jones and the Kingdom of the Crystal Skull,Action
Paper Towns,Drama
High-Rise,Drama
Quantum of Solace,Action
The Assignment,Action
How to Train Your Dragon,Animation
Lady in the Water,Drama
The Fountain,Drama
Cars 2,Animation
31,Horror
Final Girl,Action
Chalk It Up,Comedy
The Man Who Knew Infinity,Biography
Unknown,Action
Self/less,Action
Mr. Brooks,Crime
Tramps,Comedy
Before We Go,Comedy
Captain Phillips,Biography
The Secret Scripture,Drama
Max Steel,Action
Hotel Transylvania 2,Animation
Hancock,Action
Sisters,Comedy
The Family,Comedy
Zack and Miri Make a Porno,Comedy
Ma vie de Courgette,Animation
Man on a Ledge,Action
No Strings Attached,Comedy
Rescue Dawn,Adventure
Despicable Me 2,Animation
A Walk Among the Tombstones,Crime
The World's End,Action
Yoga Hosers,Comedy
Seven Psychopaths,Comedy
Beowulf,Animation
Jack Ryan: Shadow Recruit,Action
1408,Fantasy
The Gambler,Crime
Prince of Persia: The Sands of Time,Action
The Spectacular Now,Comedy
A United Kingdom,Biography
USS Indianapolis: Men of Courage,Action
Turbo Kid,Action
Mama,Horror
Orphan,Horror
To Rome with Love,Comedy
Fantastic Mr. Fox,Animation
Inside Man,Crime
I.T.,Crime
127 Hours,Adventure
Annabelle,Horror
Wolves at the Door,Horror
Suite Française,Drama
The Imaginarium of Doctor Parnassus,Adventure
G.I. Joe: The Rise of Cobra,Action
Christine,Biography
Man Down,Drama
Crawlspace,Horror
Shut In,Drama
The Warriors Gate,Action
Grindhouse,Action
Disaster Movie,Comedy
Rocky Balboa,Drama
Diary of a Wimpy Kid: Dog Days,Comedy
Jane Eyre,Drama
Fool's Gold,Action
The Dictator,Comedy
The Loft,Mystery
Bacalaureat,Crime
You Don't Mess with the Zohan,Action
Exposed,Crime
Maudie,Biography
Horrible Bosses 2,Comedy
A Bigger Splash,Drama
Melancholia,Drama
The Princess and the Frog,Animation
Unstoppable,Action
Flight,Drama
Home,Animation
La migliore offerta,Crime
Mean Dreams,Thriller
42,Biography
21,Crime
Begin Again,Drama
Out of the Furnace,Crime
Vicky Cristina Barcelona,Drama
Kung Fu Panda,Animation
Barbershop: The Next Cut,Comedy
Terminator Salvation,Action
Freedom Writers,Biography
The Hills Have Eyes,Horror
Changeling,Biography
Remember Me,Drama
Koe no katachi,Animation
Alexander and the Terrible, Horrible
Locke,Drama
The 9th Life of Louis Drax,Mystery
Horns,Drama
Indignation,Drama
The Stanford Prison Experiment,Biography
Diary of a Wimpy Kid: Rodrick Rules,Comedy
Mission: Impossible III,Action
En man som heter Ove,Comedy
Dragonball Evolution,Action
Red Dawn,Action
One Day,Drama
Life as We Know It,Comedy
28 Weeks Later,Drama
Warm Bodies,Comedy
Blue Jasmine,Drama
G.I. Joe: Retaliation,Action
Wrath of the Titans,Action
Shin Gojira,Action
Saving Mr. Banks,Biography
Transcendence,Drama
Rio,Animation
Equals,Drama
Babel,Drama
The Tree of Life,Drama
The Lucky One,Drama
Piranha 3D,Comedy
50/50,Comedy
The Intent,Crime
This Is 40,Comedy
Real Steel,Action
Sex and the City,Comedy
Rambo,Action
Planet Terror,Action
Concussion,Biography
The Fall,Adventure
The Ugly Truth,Comedy
Bride Wars,Comedy
Sleeping with Other People,Comedy
Snakes on a Plane,Action
What If,Comedy
How to Train Your Dragon 2,Animation
RoboCop,Action
In Dubious Battle,Drama
Hello, My Name Is Doris
Ocean's Thirteen,Crime
Slither,Comedy
Contagion,Drama
Il racconto dei racconti - Tale of Tales,Drama
I Am the Pretty Thing That Lives in the House,Thriller
Bridge to Terabithia,Adventure
Coherence,Mystery
Notorious,Biography
Goksung,Drama
The Expendables 2,Action
The Girl Next Door,Crime
Perfume: The Story of a Murderer,Crime
The Golden Compass,Adventure
Centurion,Action
Scouts Guide to the Zombie Apocalypse,Action
17 Again,Comedy
No Escape,Action
Superman Returns,Action
The Twilight Saga: Breaking Dawn - Part 1,Adventure
Precious,Drama
The Sea of Trees,Drama
Good Kids,Comedy
The Master,Drama
Footloose,Comedy
If I Stay,Drama
The Ticket,Drama
Detour,Thriller
The Love Witch,Comedy
Talladega Nights: The Ballad of Ricky Bobby,Action
The Human Centipede (First Sequence),Horror
Super,Comedy
The Siege of Jadotville,Action
Up in the Air,Drama
The Midnight Meat Train,Horror
The Twilight Saga: Eclipse,Adventure
Transpecos,Thriller
What's Your Number?,Comedy
Riddick,Action
Triangle,Fantasy
The Butler,Biography
King Cobra,Crime
After Earth,Action
Kicks,Adventure
Me and Earl and the Dying Girl,Comedy
The Descendants,Comedy
Sex and the City 2,Comedy
The Kings of Summer,Adventure
Death Race,Action
That Awkward Moment,Comedy
Legion,Action
End of Watch,Crime
3 Days to Kill,Action
Lucky Number Slevin,Crime
Trance,Crime
Into the Forest,Drama
The Other Boleyn Girl,Biography
I Spit on Your Grave,Crime
Custody,Drama
Inland Empire,Drama
L'odyssée,Adventure
The Walk,Adventure
Wrecker,Action
The Lone Ranger,Action
Texas Chainsaw 3D,Horror
Disturbia,Drama
Rock of Ages,Comedy
Scream 4,Horror
Queen of Katwe,Biography
My Big Fat Greek Wedding 2,Comedy
Dark Places,Drama
Amateur Night,Comedy
It's Only the End of the World,Drama
The Skin I Live In,Drama
Miracles from Heaven,Biography
Annie,Comedy
Across the Universe,Drama
Let's Be Cops,Comedy
Max,Adventure
Your Highness,Adventure
Final Destination 5,Horror
Endless Love,Drama
Martyrs,Horror
Selma,Biography
Underworld: Rise of the Lycans,Action
Taare Zameen Par,Drama
Take Me Home Tonight,Comedy
Resident Evil: Afterlife,Action
Project X,Comedy
Secret in Their Eyes,Crime
Hostel: Part II,Horror
Step Up 2: The Streets,Drama
Search Party,Adventure
Nine Lives,Comedy
Guardians of the Galaxy,Adventure
Prometheus,Mystery
Split,Thriller
Sing,Comedy
Suicide Squad,Adventure
The Great Wall,Adventure
La La Land,Drama
Mindhorn,
The Lost City of Z,Adventure
Passengers,Drama
Fantastic Beasts and Where to Find Them,Family
Hidden Figures,Drama
Rogue One,Adventure
Moana,Adventure
Colossal,Comedy
The Secret Life of Pets,Adventure
Hacksaw Ridge,Drama
Jason Bourne,Thriller
Lion,Drama
Arrival,Mystery
Gold,Drama
Manchester by the Sea,
Hounds of Love,Drama
Trolls,Adventure
Independence Day: Resurgence,Adventure
Paris pieds nus,
Bahubali: The Beginning,Adventure
Dead Awake,Thriller
Bad Moms,
Assassin's Creed,Adventure
Why Him?,
Nocturnal Animals,Thriller
X-Men: Apocalypse,Adventure
Deadpool,Adventure
Resident Evil: The Final Chapter,Horror
Captain America: Civil War,Adventure
Interstellar,Drama
Doctor Strange,Adventure
The Magnificent Seven,Adventure
5- 25- 77,Drama
Sausage Party,Adventure
Moonlight,
Don't Fuck in the Woods,
The Founder,Drama
Lowriders,
Pirates of the Caribbean: On Stranger Tides,Adventure
Miss Sloane,Thriller
Fallen,Drama
Star Trek Beyond,Adventure
The Last Face,
Star Wars: Episode VII - The Force Awakens,Adventure
Underworld: Blood Wars,Adventure
Mother's Day,Drama
John Wick,Crime
The Dark Knight,Crime
Silence,Drama
Don't Breathe,Horror
Me Before You,Romance
Their Finest,Drama
Sully,Drama
Batman v Superman: Dawn of Justice,Adventure
The Autopsy of Jane Doe,Mystery
The Girl on the Train,Drama
Fifty Shades of Grey,Romance
The Prestige,Mystery
Kingsman: The Secret Service,Adventure
Patriots Day,History
Mad Max: Fury Road,Adventure
Wakefield,
Deepwater Horizon,Drama
The Promise,History
Allied,Drama
A Monster Calls,Fantasy
Collateral Beauty,Romance
Zootopia,Adventure
Pirates of the Caribbean: At World's End,Adventure
The Avengers,Sci-Fi
Inglourious Basterds,Drama
Pirates of the Caribbean: Dead Man's Chest,Adventure
Ghostbusters,Comedy
Inception,Adventure
Captain Fantastic,Drama
The Wolf of Wall Street,Comedy
Gone Girl,Drama
Furious Seven,Crime
Jurassic World,Adventure
Live by Night,Drama
Avatar,Adventure
The Hateful Eight,Drama
The Accountant,Crime
Prisoners,Drama
Warcraft,Adventure
The Help,
War Dogs,Crime
Avengers: Age of Ultron,Adventure
The Nice Guys,Comedy
Kimi no na wa,Drama
The Void,Mystery
Personal Shopper,Mystery
The Departed,Drama
Legend,Crime
Thor,Adventure
The Martian,Drama
Contratiempo,Mystery
The Man from U.N.C.L.E.,Adventure
Hell or High Water,Drama
The Comedian,
The Legend of Tarzan,Adventure
All We Had,
Ex Machina,Mystery
The Belko Experiment,Horror
12 Years a Slave,Drama
The Bad Batch,Sci-Fi
300,Fantasy
Harry Potter and the Deathly Hallows: Part 2,Drama
Office Christmas Party,
The Neon Demon,Thriller
Dangal,Biography
10 Cloverfield Lane,Horror
Finding Dory,Adventure
Miss Peregrine's Home for Peculiar Children,Drama
Divergent,Mystery
Mike and Dave Need Wedding Dates,Comedy
Boyka: Undisputed IV,
The Dark Knight Rises,Thriller
The Jungle Book,Drama
Transformers: Age of Extinction,Adventure
Nerve,Crime
Mamma Mia!,Family
The Revenant,Drama
Fences,
Into the Woods,Comedy
The Shallows,Horror
Whiplash,Music
Furious 6,Crime
The Place Beyond the Pines,Drama
No Country for Old Men,Drama
The Great Gatsby,Romance
Shutter Island,Thriller
Brimstone,Thriller
Star Trek,Adventure
Diary of a Wimpy Kid,Family
The Big Short,Comedy
Room,
Django Unchained,Western
Ah-ga-ssi,Mystery
The Edge of Seventeen,Drama
Watchmen,Drama
Superbad,
Inferno,Adventure
The BFG,Family
The Hunger Games,Sci-Fi
White Girl,
Sicario,Crime
Twin Peaks: The Missing Pieces,Horror
Aliens vs Predator - Requiem,Horror
Pacific Rim,Adventure
Crazy, Love.
Scott Pilgrim vs. the World,Comedy
Hot Fuzz,Comedy
Mine,War
Free Fire,Comedy
X-Men: Days of Future Past,Adventure
Jack Reacher: Never Go Back,Adventure
Casino Royale,Adventure
Twilight,Fantasy
Now You See Me 2,Adventure
Woman in Gold,Drama
13 Hours,Drama
Spectre,Adventure
Nightcrawler,Drama
Kubo and the Two Strings,Adventure
Beyond the Gates,Horror
Her,Romance
Frozen,Adventure
Tomorrowland,Adventure
Dawn of the Planet of the Apes,Adventure
Tropic Thunder,Comedy
The Conjuring 2,Mystery
Ant-Man,Adventure
Bridget Jones's Baby,Romance
The VVitch: A New-England Folktale,Mystery
Cinderella,Family
Realive,
Forushande,Thriller
Love,Romance
Billy Lynn's Long Halftime Walk,War
Crimson Peak,Fantasy
Drive,Drama
Trainwreck,Drama
The Light Between Oceans,Romance
Below Her Mouth,
Spotlight,Drama
Morgan,Sci-Fi
Warrior,Drama
Captain America: The First Avenger,Adventure
Hacker,Drama
Into the Wild,Biography
The Imitation Game,Drama
Central Intelligence,Comedy
Edge of Tomorrow,Adventure
A Cure for Wellness,Fantasy
Snowden,Drama
Iron Man,Adventure
Allegiant,Adventure
X: First Class,Adventure
Raw (II),Horror
Paterson,Drama
Bridesmaids,Romance
The Girl with All the Gifts,Horror
San Andreas,Adventure
Spring Breakers,
Transformers,Adventure
Old Boy,Drama
Thor: The Dark World,Adventure
Gods of Egypt,Adventure
Captain America: The Winter Soldier,Adventure
Monster Trucks,Adventure
A Dark Song,Horror
Kick-Ass,Comedy
Hardcore Henry,Adventure
Cars,Adventure
It Follows,Mystery
The Girl with the Dragon Tattoo,Drama
We're the Millers,Crime
American Honey,
The Lobster,Drama
Predators,Adventure
Maleficent,Adventure
Rupture,Sci-Fi
Pan's Labyrinth,Fantasy
A Kind of Murder,Drama
Apocalypto,Adventure
Mission: Impossible - Rogue Nation,Adventure
The Huntsman: Winter's War,Adventure
The Perks of Being a Wallflower,Romance
Jackie,Drama
The Disappointments Room,Horror
The Grand Budapest Hotel,Comedy
The Host,Adventure
Fury,Drama
Inside Out,Adventure
Rock Dog,Adventure
Terminator Genisys,Adventure
Percy Jackson & the Olympians: The Lightning Thief,Family
Les Misérables,Musical
Children of Men,Sci-Fi
20th Century Women,Drama
Spy,Comedy
The Intouchables,Comedy
Bonjour Anne,Drama
Kynodontas,Thriller
Straight Outta Compton,Drama
The Amazing Spider-Man 2,Adventure
The Conjuring,Mystery
The Hangover,
Battleship,Adventure
Rise of the Planet of the Apes,Drama
Lights Out,
Norman: The Moderate Rise and Tragic Fall of a New York Fixer,Thriller
Birdman or (The Unexpected Virtue of Ignorance),Drama
Black Swan,Thriller
Dear White People,Drama
Nymphomaniac: Vol. I,
Teenage Mutant Ninja Turtles: Out of the Shadows,Adventure
Knock Knock,Horror
Dirty Grandpa,
Cloud Atlas,Sci-Fi
X-Men Origins: Wolverine,Adventure
Satanic,
Skyfall,Adventure
The Hobbit: An Unexpected Journey,Fantasy
21 Jump Street,Comedy
Sing Street,Drama
Ballerina,Adventure
Oblivion,Adventure
22 Jump Street,Comedy
Zodiac,Drama
Everybody Wants Some!!,
Iron Man Three,Adventure
Now You See Me,Mystery
Sherlock Holmes,Adventure
Death Proof,
The Danish Girl,Drama
Hercules,Adventure
Sucker Punch,Fantasy
Keeping Up with the Joneses,Comedy
Jupiter Ascending,Adventure
Masterminds,Comedy
Iris,
Busanhaeng,Drama
Pitch Perfect,Music
Neighbors 2: Sorority Rising,
The Exception,
Man of Steel,Adventure
The Choice,Romance
Ice Age: Collision Course,Adventure
The Devil Wears Prada,Drama
The Infiltrator,Crime
There Will Be Blood,History
The Equalizer,Crime
Lone Survivor,Biography
The Cabin in the Woods,
The House Bunny,Romance
She's Out of My League,Romance
Inherent Vice,Crime
Alice Through the Looking Glass,Family
Vincent N Roxxy,Drama
The Fast and the Furious: Tokyo Drift,Crime
How to Be Single,Romance
The Blind Side,Drama
La vie d'Adèle,Romance
The Babadook,Horror
The Hobbit: The Battle of the Five Armies,Fantasy
Harry Potter and the Order of the Phoenix,Family
Snowpiercer,Drama
The 5th Wave,Adventure
The Stakelander,Horror
The Visit,Horror
Fast Five,Crime
Step Up,Drama
Lovesong,
RocknRolla,Crime
In Time,Sci-Fi
The Social Network,Drama
The Last Witch Hunter,Adventure
Victor Frankenstein,Horror
A Street Cat Named Bob,Comedy
Green Room,Horror
Blackhat,Drama
Storks,Adventure
American Sniper,Biography
Dallas Buyers Club,Drama
Lincoln,Drama
Rush,Biography
Before I Wake,Fantasy
Silver Linings Playbook,Drama
Tracktown,Sport
The Fault in Our Stars,Romance
Blended,Romance
Fast & Furious,Crime
Looper,Crime
White House Down,Drama
Pete's Dragon,Family
Spider-Man 3,Adventure
The Three Musketeers,Adventure
Stardust,Family
American Hustle,Drama
Jennifer's Body,Horror
Midnight in Paris,Fantasy
Lady Macbeth,
Joy,
The Dressmaker,Drama
Café Society,Drama
Insurgent,Sci-Fi
Seventh Son,Adventure
Demain tout commence,Drama
The Theory of Everything,Drama
This Is the End,Fantasy
About Time,Drama
Step Brothers,
Clown,Thriller
Star Trek Into Darkness,Adventure
Zombieland,Comedy
Hail,Comedy
Slumdog Millionaire,
The Twilight Saga: Breaking Dawn - Part 2,Drama
American Wrestler: The Wizard,Sport
The Amazing Spider-Man,Adventure
Ben-Hur,Adventure
Sleight,Drama
The Maze Runner,Mystery
Criminal,Crime
Wanted,Crime
Florence Foster Jenkins,Comedy
Collide,Crime
Black Mass,Crime
Creed,Sport
Swiss Army Man,Comedy
The Expendables 3,Adventure
What We Do in the Shadows,Fantasy
Southpaw,Sport
Hush,Thriller
Bridge of Spies,History
The Lego Movie,Action
Everest,Adventure
Pixels,Comedy
Robin Hood,Adventure
The Wolverine,Adventure
John Carter,Adventure
Keanu,Comedy
The Gunman,Crime
Steve Jobs,Drama
Whisky Galore,Romance
Grown Ups 2,
The Age of Adaline,Fantasy
The Incredible Hulk,Adventure
Couples Retreat,
Absolutely Anything,Sci-Fi
Magic Mike,Drama
Minions,Action
The Black Room,
Bronson,Biography
Despicable Me,Adventure
The Best of Me,Romance
The Invitation,Mystery
Zero Dark Thirty,History
Tangled,Adventure
The Hunger Games: Mockingjay - Part 2,Adventure
Vacation,Comedy
Taken,Thriller
Pitch Perfect 2,Music
Monsters University,Adventure
Elle,Drama
Mechanic: Resurrection,Adventure
Tusk,Drama
The Headhunter's Calling,
Atonement,Mystery
Harry Potter and the Deathly Hallows: Part 1,Family
Shame,
Hanna,Drama
The Babysitters,
Pride and Prejudice and Zombies,Horror
300: Rise of an Empire,Drama
London Has Fallen,Crime
The Curious Case of Benjamin Button,Fantasy
Sin City: A Dame to Kill For,Crime
The Bourne Ultimatum,Mystery
Srpski film,Mystery
The Purge: Election Year,Horror
3 Idiots,Drama
Zoolander 2,
World War Z,Adventure
Mission: Impossible - Ghost Protocol,Adventure
Let Me Make You a Martyr,Crime
Filth,Crime
The Longest Ride,Romance
The imposible,Thriller
Kick-Ass 2,Comedy
Folk Hero & Funny Guy,
Oz the Great and Powerful,Family
Brooklyn,Romance
Coraline,Family
Blue Valentine,Romance
The Thinning,
Silent Hill,Horror
Dredd,Sci-Fi
Hunt for the Wilderpeople,Comedy
Big Hero 6,Action
Carrie,Horror
Iron Man 2,Adventure
Demolition,Drama
Pandorum,Horror
Olympus Has Fallen,Thriller
I Am Number Four,Adventure
Jagten,
The Proposal,Drama
Get Hard,Crime
Just Go with It,Romance
Revolutionary Road,Romance
The Town,Drama
The Boy,Mystery
Denial,Drama
Predestination,Mystery
Goosebumps,Comedy
Sherlock Holmes: A Game of Shadows,Adventure
Salt,Crime
Enemy,Thriller
District 9,Sci-Fi
The Other Guys,Comedy
American Gangster,Crime
Marie Antoinette,Drama
2012,Adventure
Harry Potter and the Half-Blood Prince,Family
Argo,Drama
Eddie the Eagle,Comedy
The Lives of Others,Thriller
Pet,Thriller
Paint It Black,
Macbeth,War
Forgetting Sarah Marshall,Drama
The Giver,Romance
Triple 9,Crime
Perfetti sconosciuti,Drama
Angry Birds,Action
Moonrise Kingdom,Comedy
Hairspray,Drama
Safe Haven,Romance
Focus,Crime
Ratatouille,Comedy
Stake Land,Horror
The Book of Eli,Adventure
Cloverfield,Horror
Point Break,Crime
Under the Skin,Horror
I Am Legend,Horror
Men in Black 3,Adventure
Super 8,Sci-Fi
Law Abiding Citizen,Drama
Up,Adventure
Maze Runner: The Scorch Trials,Sci-Fi
Carol,Romance
Imperium,Drama
Youth,Drama
Mr. Nobody,Fantasy
City of Tiny Lights,Drama
Savages,Drama
(500) Days of Summer,Drama
Movie 43,Romance
Gravity,Sci-Fi
The Boy in the Striped Pyjamas,War
Shooter,Crime
The Happening,Thriller
Bone Tomahawk,Drama
Magic Mike XXL,Drama
Easy A,Drama
Exodus: Gods and Kings,Adventure
Chappie,Crime
The Hobbit: The Desolation of Smaug,Fantasy
Half of a Yellow Sun,Romance
Anthropoid,History
The Counselor,Drama
Viking,Drama
Whiskey Tango Foxtrot,Comedy
Trust,Drama
Birth of the Dragon,Biography
Elysium,Drama
The Green Inferno,Horror
Godzilla,Adventure
The Bourne Legacy,Adventure
A Good Year,Drama
Friend Request,Thriller
Deja Vu,Sci-Fi
Lucy,Sci-Fi
A Quiet Passion,Drama
Need for Speed,Crime
Jack Reacher,Crime
The Do-Over,Adventure
True Crimes,Drama
American Pastoral,Drama
The Ghost Writer,Thriller
Limitless,Sci-Fi
Spectral,Mystery
P.S. I Love You,Romance
Zipper,Thriller
Midnight Special,Mystery
Don't Think Twice,Drama
Alice in Wonderland,Family
Chuck,Drama
I,Drama
The Break-Up,Drama
Loving,Drama
Fantastic Four,Adventure
The Survivalist,Sci-Fi
Colonia,Romance
The Boy Next Door,Thriller
The Gift,Thriller
Dracula Untold,Drama
In the Heart of the Sea,Adventure
Idiocracy,Comedy
The Expendables,Adventure
Evil Dead,Horror
Sinister,Mystery
Wreck-It Ralph,Adventure
Snow White and the Huntsman,Adventure
Pan,Family
Transformers: Dark of the Moon,Adventure
Juno,Drama
A Hologram for the King,Drama
Money Monster,Drama
The Other Woman,Romance
Enchanted,Comedy
The Intern,Drama
Little Miss Sunshine,Drama
Bleed for This,Drama
Clash of the Titans,Adventure
The Finest Hours,Drama
Tron,Adventure
The Hunger Games: Catching Fire,Adventure
All Good Things,Drama
Kickboxer: Vengeance,
The Last Airbender,Adventure
Sex Tape,Romance
What to Expect When You're Expecting,Drama
Moneyball,Drama
Ghost Rider,Fantasy
Unbroken,Drama
Immortals,Drama
Sunshine,Sci-Fi
Brave,Adventure
Män som hatar kvinnor,Mystery
Adoration,Romance
The Drop,Drama
She's the Man,Romance
Daddy's Home,Family
Let Me In,Horror
Never Back Down,Drama
Grimsby,Adventure
Moon,Mystery
Megamind,Action
Gangster Squad,Crime
Blood Father,Crime
He's Just Not That Into You,Drama
Kung Fu Panda 3,Action
The Rise of the Krays,Drama
Handsome Devil,
Winter's Bone,
Horrible Bosses,Crime
Mommy,
Hellboy II: The Golden Army,Adventure
Beautiful Creatures,Fantasy
Toni Erdmann,Drama
The Lovely Bones,Fantasy
The Assassination of Jesse James by the Coward Robert Ford,Crime
Don Jon,Drama
Bastille Day,Crime
2307: Winter's Dream,
Free State of Jones,Biography
Mr. Right,Comedy
The Secret Life of Walter Mitty,Comedy
Dope,Crime
Underworld Awakening,Fantasy
Antichrist,Horror
Friday the 13th,
Taken 3,Thriller
Total Recall,Adventure
X-Men: The Last Stand,Adventure
The Escort,Drama
The Whole Truth,Drama
Night at the Museum: Secret of the Tomb,Comedy
Love & Other Drugs,Drama
The Interview,
The Host,Drama
Megan Is Missing,Horror
WALL·E,Adventure
Knocked Up,Romance
Source Code,Romance
Lawless,Drama
Unfriended,Horror
American Reunion,
The Pursuit of Happyness,Drama
Relatos salvajes,Drama
The Ridiculous 6,Western
Frantz,History
Viral,Horror
Gran Torino,
Burnt,Drama
Tall Men,Horror
Sleeping Beauty,Romance
Vampire Academy,Comedy
Sweeney Todd: The Demon Barber of Fleet Street,Horror
Solace,Drama
Insidious,Mystery
Popstar: Never Stop Never Stopping,Music
The Levelling,
Public Enemies,Crime
Boyhood,
Teenage Mutant Ninja Turtles,Adventure
Eastern Promises,Drama
The Daughter,
Pineapple Express,Comedy
The First Time,Drama
Gone Baby Gone,Drama
The Heat,Comedy
L'avenir,
Anna Karenina,Romance
Regression,Drama
Ted 2,Comedy
Pain & Gain,Crime
Blood Diamond,Drama
Devil's Knot,Crime
Child 44,Drama
The Hurt Locker,History
Green Lantern,Adventure
War on Everyone,Comedy
The Mist,
Escape Plan,Crime
Love,Comedy
The DUFF,
The Age of Shadows,Drama
The Hunger Games: Mockingjay - Part 1,Adventure
We Need to Talk About Kevin,Mystery
Love & Friendship,Drama
The Mortal Instruments: City of Bones,Fantasy
Seven Pounds,Romance
The King's Speech,Drama
Hunger,Drama
Jumper,Adventure
Toy Story 3,Adventure
Tinker Tailor Soldier Spy,Mystery
Resident Evil: Retribution,Horror
Dear Zindagi,Romance
Genius,Drama
Pompeii,Adventure
Life of Pi,Drama
Hachi: A Dog's Tale,Family
10 Years,Drama
I Origins,Romance
Live Free or Die Hard,Adventure
The Matchbreaker,Romance
Funny Games,Drama
Ted,Fantasy
RED,Comedy
Australia,Drama
Faster,Crime
The Neighbor,Horror
The Adjustment Bureau,Sci-Fi
The Hollars,Drama
The Judge,Drama
Closed Circuit,Drama
Transformers: Revenge of the Fallen,Adventure
La tortue rouge,Fantasy
The Book of Life,Adventure
Incendies,Mystery
The Heartbreak Kid,Romance
Happy Feet,Comedy
Entourage,
The Strangers,Mystery
Noah,Adventure
Neighbors,
Nymphomaniac: Vol. II,
Wild,Biography
Grown Ups,
Blair Witch,Thriller
The Karate Kid,Drama
Dark Shadows,Fantasy
Friends with Benefits,Romance
The Illusionist,Mystery
The A-Team,Adventure
The Guest,
The Internship,
Paul,Comedy
This Beautiful Fantastic,Drama
The Da Vinci Code,Thriller
Mr. Church,Drama
Hugo,Drama
The Blackcoat's Daughter,Thriller
Body of Lies,Drama
Knight of Cups,Romance
The Mummy: Tomb of the Dragon Emperor,Adventure
The Boss,
Hands of Stone,Biography
El secreto de sus ojos,Mystery
True Grit,Drama
We Are Your Friends,Music
A Million Ways to Die in the West,Romance
Only for One Night,
Rules Don't Apply,Drama
Ouija: Origin of Evil,Thriller
Percy Jackson: Sea of Monsters,Family
Fracture,Drama
Oculus,Mystery
In Bruges,Crime
This Means War,Comedy
Lída Baarová,Drama
The Road,Drama
Lavender,Thriller
Deuces,
Conan the Barbarian,Adventure
The Fighter,Biography
August Rush,Music
Chef,Drama
Eye in the Sky,Thriller
Eagle Eye,Mystery
The Purge,Sci-Fi
PK,Drama
Ender's Game,Sci-Fi
Indiana Jones and the Kingdom of the Crystal Skull,Adventure
Paper Towns,Mystery
High-Rise,
Quantum of Solace,Adventure
The Assignment,Crime
How to Train Your Dragon,Action
Lady in the Water,Fantasy
The Fountain,Sci-Fi
Cars 2,Adventure
31,Thriller
Final Girl,Thriller
Chalk It Up,
The Man Who Knew Infinity,Drama
Unknown,Mystery
Self/less,Mystery
Mr. Brooks,Drama
Tramps,Romance
Before We Go,Drama
Captain Phillips,Drama
The Secret Scripture,
Max Steel,Adventure
Hotel Transylvania 2,Comedy
Hancock,Crime
Sisters,
The Family,Crime
Zack and Miri Make a Porno,Romance
Ma vie de Courgette,Comedy
Man on a Ledge,Crime
No Strings Attached,Romance
Rescue Dawn,Biography
Despicable Me 2,Adventure
A Walk Among the Tombstones,Drama
The World's End,Comedy
Yoga Hosers,Fantasy
Seven Psychopaths,Crime
Beowulf,Action
Jack Ryan: Shadow Recruit,Drama
1408,Horror
The Gambler,Drama
Prince of Persia: The Sands of Time,Adventure
The Spectacular Now,Drama
A United Kingdom,Drama
USS Indianapolis: Men of Courage,Drama
Turbo Kid,Adventure
Mama,Thriller
Orphan,Mystery
To Rome with Love,Romance
Fantastic Mr. Fox,Adventure
Inside Man,Drama
I.T.,Drama
127 Hours,Biography
Annabelle,Mystery
Wolves at the Door,Thriller
Suite Française,Romance
The Imaginarium of Doctor Parnassus,Fantasy
G.I. Joe: The Rise of Cobra,Adventure
Christine,Drama
Man Down,Thriller
Crawlspace,Thriller
Shut In,Horror
The Warriors Gate,Adventure
Grindhouse,Horror
Disaster Movie,
Rocky Balboa,Sport
Diary of a Wimpy Kid: Dog Days,Family
Jane Eyre,Romance
Fool's Gold,Adventure
The Dictator,
The Loft,Romance
Bacalaureat,Drama
You Don't Mess with the Zohan,Comedy
Exposed,Drama
Maudie,Drama
Horrible Bosses 2,Crime
A Bigger Splash,Thriller
Melancholia,
The Princess and the Frog,Adventure
Unstoppable,Thriller
Flight,Thriller
Home,Adventure
La migliore offerta,Drama
Mean Dreams,
42,Drama
21,Drama
Begin Again,Music
Out of the Furnace,Drama
Vicky Cristina Barcelona,Romance
Kung Fu Panda,Action
Barbershop: The Next Cut,Drama
Terminator Salvation,Adventure
Freedom Writers,Crime
The Hills Have Eyes,
Changeling,Drama
Remember Me,Romance
Koe no katachi,Drama
Alexander and the Terrible, No Good
Locke,
The 9th Life of Louis Drax,Thriller
Horns,Fantasy
Indignation,Romance
The Stanford Prison Experiment,Drama
Diary of a Wimpy Kid: Rodrick Rules,Family
Mission: Impossible III,Adventure
En man som heter Ove,Drama
Dragonball Evolution,Adventure
Red Dawn,Thriller
One Day,Romance
Life as We Know It,Drama
28 Weeks Later,Horror
Warm Bodies,Horror
Blue Jasmine,
G.I. Joe: Retaliation,Adventure
Wrath of the Titans,Adventure
Shin Gojira,Adventure
Saving Mr. Banks,Comedy
Transcendence,Mystery
Rio,Adventure
Equals,Romance
Babel,
The Tree of Life,Fantasy
The Lucky One,Romance
Piranha 3D,Horror
50/50,Drama
The Intent,Drama
This Is 40,Romance
Real Steel,Drama
Sex and the City,Drama
Rambo,Thriller
Planet Terror,Comedy
Concussion,Drama
The Fall,Comedy
The Ugly Truth,Romance
Bride Wars,Romance
Sleeping with Other People,Drama
Snakes on a Plane,Adventure
What If,Romance
How to Train Your Dragon 2,Action
RoboCop,Crime
In Dubious Battle,
Hello,Comedy
Ocean's Thirteen,Thriller
Slither,Horror
Contagion,Thriller
Il racconto dei racconti - Tale of Tales,Fantasy
I Am the Pretty Thing That Lives in the House,
Bridge to Terabithia,Drama
Coherence,Sci-Fi
Notorious,Crime
Goksung,Fantasy
The Expendables 2,Adventure
The Girl Next Door,Drama
Perfume: The Story of a Murderer,Drama
The Golden Compass,Family
Centurion,Adventure
Scouts Guide to the Zombie Apocalypse,Comedy
17 Again,Drama
No Escape,Thriller
Superman Returns,Adventure
The Twilight Saga: Breaking Dawn - Part 1,Drama
Precious,
The Sea of Trees,
Good Kids,
The Master,
Footloose,Drama
If I Stay,Fantasy
The Ticket,
Detour,
The Love Witch,Horror
Talladega Nights: The Ballad of Ricky Bobby,Comedy
The Human Centipede (First Sequence),
Super,Drama
The Siege of Jadotville,Drama
Up in the Air,Romance
The Midnight Meat Train,Mystery
The Twilight Saga: Eclipse,Drama
Transpecos,
What's Your Number?,Romance
Riddick,Sci-Fi
Triangle,Mystery
The Butler,Drama
King Cobra,Drama
After Earth,Adventure
Kicks,
Me and Earl and the Dying Girl,Drama
The Descendants,Drama
Sex and the City 2,Drama
The Kings of Summer,Comedy
Death Race,Sci-Fi
That Awkward Moment,Romance
Legion,Fantasy
End of Watch,Drama
3 Days to Kill,Drama
Lucky Number Slevin,Drama
Trance,Drama
Into the Forest,Sci-Fi
The Other Boleyn Girl,Drama
I Spit on Your Grave,Horror
Custody,
Inland Empire,Mystery
L'odyssée,Biography
The Walk,Biography
Wrecker,Horror
The Lone Ranger,Adventure
Texas Chainsaw 3D,Thriller
Disturbia,Mystery
Rock of Ages,Drama
Scream 4,Mystery
Queen of Katwe,Drama
My Big Fat Greek Wedding 2,Family
Dark Places,Mystery
Amateur Night,
It's Only the End of the World,
The Skin I Live In,Thriller
Miracles from Heaven,Drama
Annie,Drama
Across the Universe,Fantasy
Let's Be Cops,
Max,Family
Your Highness,Comedy
Final Destination 5,Thriller
Endless Love,Romance
Martyrs,
Selma,Drama
Underworld: Rise of the Lycans,Adventure
Taare Zameen Par,Family
Take Me Home Tonight,Drama
Resident Evil: Afterlife,Adventure
Project X,
Secret in Their Eyes,Drama
Hostel: Part II,
Step Up 2: The Streets,Music
Search Party,Comedy
Nine Lives,Family
Guardians of the Galaxy,Sci-Fi
Prometheus,Sci-Fi
Split,
Sing,Family
Suicide Squad,Fantasy
The Great Wall,Fantasy
La La Land,Music
Mindhorn,
The Lost City of Z,Biography
Passengers,Romance
Fantastic Beasts and Where to Find Them,Fantasy
Hidden Figures,History
Rogue One,Sci-Fi
Moana,Comedy
Colossal,Drama
The Secret Life of Pets,Comedy
Hacksaw Ridge,History
Jason Bourne,
Lion,
Arrival,Sci-Fi
Gold,Thriller
Manchester by the Sea,
Hounds of Love,Horror
Trolls,Comedy
Independence Day: Resurgence,Sci-Fi
Paris pieds nus,
Bahubali: The Beginning,Drama
Dead Awake,
Bad Moms,
Assassin's Creed,Drama
Why Him?,
Nocturnal Animals,
X-Men: Apocalypse,Sci-Fi
Deadpool,Comedy
Resident Evil: The Final Chapter,Sci-Fi
Captain America: Civil War,Sci-Fi
Interstellar,Sci-Fi
Doctor Strange,Fantasy
The Magnificent Seven,Western
5- 25- 77,
Sausage Party,Comedy
Moonlight,
Don't Fuck in the Woods,
The Founder,History
Lowriders,
Pirates of the Caribbean: On Stranger Tides,Fantasy
Miss Sloane,
Fallen,Fantasy
Star Trek Beyond,Sci-Fi
The Last Face,
Star Wars: Episode VII - The Force Awakens,Fantasy
Underworld: Blood Wars,Fantasy
Mother's Day,
John Wick,Thriller
The Dark Knight,Drama
Silence,History
Don't Breathe,Thriller
Me Before You,
Their Finest,Romance
Sully,
Batman v Superman: Dawn of Justice,Sci-Fi
The Autopsy of Jane Doe,Thriller
The Girl on the Train,Mystery
Fifty Shades of Grey,Thriller
The Prestige,Sci-Fi
Kingsman: The Secret Service,Comedy
Patriots Day,Thriller
Mad Max: Fury Road,Sci-Fi
Wakefield,
Deepwater Horizon,Thriller
The Promise,
Allied,Romance
A Monster Calls,
Collateral Beauty,
Zootopia,Comedy
Pirates of the Caribbean: At World's End,Fantasy
The Avengers,
Inglourious Basterds,War
Pirates of the Caribbean: Dead Man's Chest,Fantasy
Ghostbusters,Fantasy
Inception,Sci-Fi
Captain Fantastic,
The Wolf of Wall Street,Crime
Gone Girl,Mystery
Furious Seven,Thriller
Jurassic World,Sci-Fi
Live by Night,
Avatar,Fantasy
The Hateful Eight,Mystery
The Accountant,Drama
Prisoners,Mystery
Warcraft,Fantasy
The Help,
War Dogs,Drama
Avengers: Age of Ultron,Sci-Fi
The Nice Guys,Crime
Kimi no na wa,Fantasy
The Void,Sci-Fi
Personal Shopper,Thriller
The Departed,Thriller
Legend,Drama
Thor,Fantasy
The Martian,Sci-Fi
Contratiempo,Thriller
The Man from U.N.C.L.E.,Comedy
Hell or High Water,Thriller
The Comedian,
The Legend of Tarzan,Drama
All We Had,
Ex Machina,Sci-Fi
The Belko Experiment,Thriller
12 Years a Slave,History
The Bad Batch,
300,War
Harry Potter and the Deathly Hallows: Part 2,Fantasy
Office Christmas Party,
The Neon Demon,
Dangal,Drama
10 Cloverfield Lane,Mystery
Finding Dory,Comedy
Miss Peregrine's Home for Peculiar Children,Family
Divergent,Sci-Fi
Mike and Dave Need Wedding Dates,Romance
Boyka: Undisputed IV,
The Dark Knight Rises,
The Jungle Book,Family
Transformers: Age of Extinction,Sci-Fi
Nerve,Mystery
Mamma Mia!,Musical
The Revenant,Thriller
Fences,
Into the Woods,Drama
The Shallows,Thriller
Whiplash,
Furious 6,Thriller
The Place Beyond the Pines,Thriller
No Country for Old Men,Thriller
The Great Gatsby,
Shutter Island,
Brimstone,Western
Star Trek,Sci-Fi
Diary of a Wimpy Kid,
The Big Short,Drama
Room,
Django Unchained,
Ah-ga-ssi,Romance
The Edge of Seventeen,
Watchmen,Mystery
Superbad,
Inferno,Crime
The BFG,Fantasy
The Hunger Games,Thriller
White Girl,
Sicario,Drama
Twin Peaks: The Missing Pieces,Mystery
Aliens vs Predator - Requiem,Sci-Fi
Pacific Rim,Sci-Fi
Crazy,Comedy
Scott Pilgrim vs. the World,Fantasy
Hot Fuzz,Mystery
Mine,
Free Fire,Crime
X-Men: Days of Future Past,Sci-Fi
Jack Reacher: Never Go Back,Crime
Casino Royale,Thriller
Twilight,Romance
Now You See Me 2,Comedy
Woman in Gold,History
13 Hours,History
Spectre,Thriller
Nightcrawler,Thriller
Kubo and the Two Strings,Family
Beyond the Gates,
Her,Sci-Fi
Frozen,Comedy
Tomorrowland,Family
Dawn of the Planet of the Apes,Drama
Tropic Thunder,
The Conjuring 2,Thriller
Ant-Man,Comedy
Bridget Jones's Baby,
The VVitch: A New-England Folktale,
Cinderella,Fantasy
Realive,
Forushande,
Love,
Billy Lynn's Long Halftime Walk,
Crimson Peak,Horror
Drive,
Trainwreck,Romance
The Light Between Oceans,
Below Her Mouth,
Spotlight,History
Morgan,Thriller
Warrior,Sport
Captain America: The First Avenger,Sci-Fi
Hacker,Thriller
Into the Wild,Drama
The Imitation Game,Thriller
Central Intelligence,Crime
Edge of Tomorrow,Sci-Fi
A Cure for Wellness,Horror
Snowden,Thriller
Iron Man,Sci-Fi
Allegiant,Mystery
X: First Class,Sci-Fi
Raw (II),
Paterson,Romance
Bridesmaids,
The Girl with All the Gifts,Thriller
San Andreas,Drama
Spring Breakers,
Transformers,Sci-Fi
Old Boy,Mystery
Thor: The Dark World,Fantasy
Gods of Egypt,Fantasy
Captain America: The Winter Soldier,Sci-Fi
Monster Trucks,Comedy
A Dark Song,
Kick-Ass,
Hardcore Henry,Sci-Fi
Cars,Comedy
It Follows,
The Girl with the Dragon Tattoo,Mystery
We're the Millers,
American Honey,
The Lobster,Romance
Predators,Sci-Fi
Maleficent,Family
Rupture,Thriller
Pan's Labyrinth,War
A Kind of Murder,Thriller
Apocalypto,Drama
Mission: Impossible - Rogue Nation,Thriller
The Huntsman: Winter's War,Drama
The Perks of Being a Wallflower,
Jackie,History
The Disappointments Room,Thriller
The Grand Budapest Hotel,Drama
The Host,Romance
Fury,War
Inside Out,Comedy
Rock Dog,Comedy
Terminator Genisys,Sci-Fi
Percy Jackson & the Olympians: The Lightning Thief,Fantasy
Les Misérables,Romance
Children of Men,Thriller
20th Century Women,
Spy,Crime
The Intouchables,Drama
Bonjour Anne,Romance
Kynodontas,
Straight Outta Compton,History
The Amazing Spider-Man 2,Sci-Fi
The Conjuring,Thriller
The Hangover,
Battleship,Sci-Fi
Rise of the Planet of the Apes,Sci-Fi
Lights Out,
Norman: The Moderate Rise and Tragic Fall of a New York Fixer,
Birdman or (The Unexpected Virtue of Ignorance),Romance
Black Swan,
Dear White People,
Nymphomaniac: Vol. I,
Teenage Mutant Ninja Turtles: Out of the Shadows,Comedy
Knock Knock,Thriller
Dirty Grandpa,
Cloud Atlas,
X-Men Origins: Wolverine,Sci-Fi
Satanic,
Skyfall,Thriller
The Hobbit: An Unexpected Journey,
21 Jump Street,Crime
Sing Street,Music
Ballerina,Comedy
Oblivion,Mystery
22 Jump Street,Crime
Zodiac,History
Everybody Wants Some!!,
Iron Man Three,Sci-Fi
Now You See Me,Thriller
Sherlock Holmes,Crime
Death Proof,
The Danish Girl,Romance
Hercules,
Sucker Punch,
Keeping Up with the Joneses,
Jupiter Ascending,Sci-Fi
Masterminds,Crime
Iris,
Busanhaeng,Horror
Pitch Perfect,Romance
Neighbors 2: Sorority Rising,
The Exception,
Man of Steel,Fantasy
The Choice,
Ice Age: Collision Course,Comedy
The Devil Wears Prada,
The Infiltrator,Drama
There Will Be Blood,
The Equalizer,Thriller
Lone Survivor,Drama
The Cabin in the Woods,
The House Bunny,
She's Out of My League,
Inherent Vice,Drama
Alice Through the Looking Glass,Fantasy
Vincent N Roxxy,Thriller
The Fast and the Furious: Tokyo Drift,Thriller
How to Be Single,
The Blind Side,Sport
La vie d'Adèle,
The Babadook,
The Hobbit: The Battle of the Five Armies,
Harry Potter and the Order of the Phoenix,Fantasy
Snowpiercer,Sci-Fi
The 5th Wave,Sci-Fi
The Stakelander,
The Visit,Thriller
Fast Five,Thriller
Step Up,Music
Lovesong,
RocknRolla,Thriller
In Time,Thriller
The Social Network,
The Last Witch Hunter,Fantasy
Victor Frankenstein,Sci-Fi
A Street Cat Named Bob,Drama
Green Room,Thriller
Blackhat,Mystery
Storks,Comedy
American Sniper,Drama
Dallas Buyers Club,
Lincoln,History
Rush,Drama
Before I Wake,Horror
Silver Linings Playbook,Romance
Tracktown,
The Fault in Our Stars,
Blended,
Fast & Furious,Thriller
Looper,Drama
White House Down,Thriller
Pete's Dragon,Fantasy
Spider-Man 3,
The Three Musketeers,Romance
Stardust,Fantasy
American Hustle,
Jennifer's Body,
Midnight in Paris,Romance
Lady Macbeth,
Joy,
The Dressmaker,
Café Society,Romance
Insurgent,Thriller
Seventh Son,Fantasy
Demain tout commence,
The Theory of Everything,Romance
This Is the End,
About Time,Fantasy
Step Brothers,
Clown,
Star Trek Into Darkness,Sci-Fi
Zombieland,Horror
Hail,Mystery
Slumdog Millionaire,
The Twilight Saga: Breaking Dawn - Part 2,Fantasy
American Wrestler: The Wizard,
The Amazing Spider-Man,
Ben-Hur,Drama
Sleight,Sci-Fi
The Maze Runner,Sci-Fi
Criminal,Drama
Wanted,Fantasy
Florence Foster Jenkins,Drama
Collide,Thriller
Black Mass,Drama
Creed,
Swiss Army Man,Drama
The Expendables 3,Thriller
What We Do in the Shadows,Horror
Southpaw,
Hush,
Bridge of Spies,Thriller
The Lego Movie,Adventure
Everest,Drama
Pixels,Family
Robin Hood,Drama
The Wolverine,Sci-Fi
John Carter,Sci-Fi
Keanu,
The Gunman,Drama
Steve Jobs,
Whisky Galore,
Grown Ups 2,
The Age of Adaline,Romance
The Incredible Hulk,Sci-Fi
Couples Retreat,
Absolutely Anything,
Magic Mike,
Minions,Adventure
The Black Room,
Bronson,Crime
Despicable Me,Comedy
The Best of Me,
The Invitation,Thriller
Zero Dark Thirty,Thriller
Tangled,Comedy
The Hunger Games: Mockingjay - Part 2,Sci-Fi
Vacation,
Taken,
Pitch Perfect 2,
Monsters University,Comedy
Elle,Thriller
Mechanic: Resurrection,Crime
Tusk,Horror
The Headhunter's Calling,
Atonement,Romance
Harry Potter and the Deathly Hallows: Part 1,Fantasy
Shame,
Hanna,Thriller
The Babysitters,
Pride and Prejudice and Zombies,Romance
300: Rise of an Empire,Fantasy
London Has Fallen,Drama
The Curious Case of Benjamin Button,Romance
Sin City: A Dame to Kill For,Thriller
The Bourne Ultimatum,Thriller
Srpski film,Thriller
The Purge: Election Year,Sci-Fi
3 Idiots,
Zoolander 2,
World War Z,Horror
Mission: Impossible - Ghost Protocol,Thriller
Let Me Make You a Martyr,Drama
Filth,Drama
The Longest Ride,
The imposible,
Kick-Ass 2,Crime
Folk Hero & Funny Guy,
Oz the Great and Powerful,Fantasy
Brooklyn,
Coraline,Fantasy
Blue Valentine,
The Thinning,
Silent Hill,Mystery
Dredd,
Hunt for the Wilderpeople,Drama
Big Hero 6,Adventure
Carrie,
Iron Man 2,Sci-Fi
Demolition,
Pandorum,Mystery
Olympus Has Fallen,
I Am Number Four,Sci-Fi
Jagten,
The Proposal,Romance
Get Hard,
Just Go with It,
Revolutionary Road,
The Town,Thriller
The Boy,Thriller
Denial,
Predestination,Sci-Fi
Goosebumps,Family
Sherlock Holmes: A Game of Shadows,Crime
Salt,Mystery
Enemy,
District 9,Thriller
The Other Guys,Crime
American Gangster,Drama
Marie Antoinette,History
2012,Sci-Fi
Harry Potter and the Half-Blood Prince,Fantasy
Argo,History
Eddie the Eagle,Drama
The Lives of Others,
Pet,
Paint It Black,
Macbeth,
Forgetting Sarah Marshall,Romance
The Giver,Sci-Fi
Triple 9,Drama
Perfetti sconosciuti,
Angry Birds,Adventure
Moonrise Kingdom,Drama
Hairspray,Family
Safe Haven,Thriller
Focus,Drama
Ratatouille,Family
Stake Land,Sci-Fi
The Book of Eli,Drama
Cloverfield,Sci-Fi
Point Break,Sport
Under the Skin,Sci-Fi
I Am Legend,Sci-Fi
Men in Black 3,Comedy
Super 8,Thriller
Law Abiding Citizen,Thriller
Up,Comedy
Maze Runner: The Scorch Trials,Thriller
Carol,
Imperium,Thriller
Youth,Music
Mr. Nobody,Romance
City of Tiny Lights,Thriller
Savages,Thriller
(500) Days of Summer,Romance
Movie 43,
Gravity,Thriller
The Boy in the Striped Pyjamas,
Shooter,Drama
The Happening,
Bone Tomahawk,Horror
Magic Mike XXL,Music
Easy A,Romance
Exodus: Gods and Kings,Drama
Chappie,Drama
The Hobbit: The Desolation of Smaug,
Half of a Yellow Sun,
Anthropoid,Thriller
The Counselor,Thriller
Viking,History
Whiskey Tango Foxtrot,Drama
Trust,Thriller
Birth of the Dragon,Drama
Elysium,Sci-Fi
The Green Inferno,
Godzilla,Sci-Fi
The Bourne Legacy,Mystery
A Good Year,Romance
Friend Request,
Deja Vu,Thriller
Lucy,Thriller
A Quiet Passion,
Need for Speed,Drama
Jack Reacher,Mystery
The Do-Over,Comedy
True Crimes,Thriller
American Pastoral,
The Ghost Writer,
Limitless,Thriller
Spectral,Sci-Fi
P.S. I Love You,
Zipper,
Midnight Special,Sci-Fi
Don't Think Twice,
Alice in Wonderland,Fantasy
Chuck,Sport
I,
The Break-Up,Romance
Loving,Romance
Fantastic Four,Sci-Fi
The Survivalist,Thriller
Colonia,Thriller
The Boy Next Door,
The Gift,
Dracula Untold,Fantasy
In the Heart of the Sea,Biography
Idiocracy,Sci-Fi
The Expendables,Thriller
Evil Dead,
Sinister,
Wreck-It Ralph,Comedy
Snow White and the Huntsman,Drama
Pan,Fantasy
Transformers: Dark of the Moon,Sci-Fi
Juno,
A Hologram for the King,
Money Monster,Thriller
The Other Woman,
Enchanted,Family
The Intern,
Little Miss Sunshine,
Bleed for This,Sport
Clash of the Titans,Fantasy
The Finest Hours,History
Tron,Sci-Fi
The Hunger Games: Catching Fire,Mystery
All Good Things,Mystery
Kickboxer: Vengeance,
The Last Airbender,Family
Sex Tape,
What to Expect When You're Expecting,Romance
Moneyball,Sport
Ghost Rider,Thriller
Unbroken,Sport
Immortals,Fantasy
Sunshine,Thriller
Brave,Comedy
Män som hatar kvinnor,Thriller
Adoration,
The Drop,Mystery
She's the Man,Sport
Daddy's Home,
Let Me In,Mystery
Never Back Down,Sport
Grimsby,Comedy
Moon,Sci-Fi
Megamind,Comedy
Gangster Squad,Drama
Blood Father,Drama
He's Just Not That Into You,Romance
Kung Fu Panda 3,Adventure
The Rise of the Krays,
Handsome Devil,
Winter's Bone,
Horrible Bosses,
Mommy,
Hellboy II: The Golden Army,Fantasy
Beautiful Creatures,Romance
Toni Erdmann,
The Lovely Bones,Thriller
The Assassination of Jesse James by the Coward Robert Ford,Drama
Don Jon,Romance
Bastille Day,Drama
2307: Winter's Dream,
Free State of Jones,Drama
Mr. Right,Romance
The Secret Life of Walter Mitty,Drama
Dope,Drama
Underworld Awakening,Horror
Antichrist,
Friday the 13th,
Taken 3,
Total Recall,Mystery
X-Men: The Last Stand,Fantasy
The Escort,Romance
The Whole Truth,Mystery
Night at the Museum: Secret of the Tomb,Family
Love & Other Drugs,Romance
The Interview,
The Host,Horror
Megan Is Missing,Thriller
WALL·E,Family
Knocked Up,
Source Code,Sci-Fi
Lawless,
Unfriended,Mystery
American Reunion,
The Pursuit of Happyness,
Relatos salvajes,Thriller
The Ridiculous 6,
Frantz,War
Viral,Sci-Fi
Gran Torino,
Burnt,
Tall Men,Thriller
Sleeping Beauty,
Vampire Academy,Fantasy
Sweeney Todd: The Demon Barber of Fleet Street,Musical
Solace,Mystery
Insidious,Thriller
Popstar: Never Stop Never Stopping,
The Levelling,
Public Enemies,Drama
Boyhood,
Teenage Mutant Ninja Turtles,Comedy
Eastern Promises,Mystery
The Daughter,
Pineapple Express,Crime
The First Time,Romance
Gone Baby Gone,Mystery
The Heat,Crime
L'avenir,
Anna Karenina,
Regression,Mystery
Ted 2,Romance
Pain & Gain,Drama
Blood Diamond,Thriller
Devil's Knot,Drama
Child 44,Thriller
The Hurt Locker,Thriller
Green Lantern,Sci-Fi
War on Everyone,
The Mist,
Escape Plan,Mystery
Love,Romance
The DUFF,
The Age of Shadows,Thriller
The Hunger Games: Mockingjay - Part 1,Sci-Fi
We Need to Talk About Kevin,Thriller
Love & Friendship,Romance
The Mortal Instruments: City of Bones,Horror
Seven Pounds,
The King's Speech,
Hunger,
Jumper,Sci-Fi
Toy Story 3,Comedy
Tinker Tailor Soldier Spy,Thriller
Resident Evil: Retribution,Sci-Fi
Dear Zindagi,
Genius,
Pompeii,Drama
Life of Pi,Fantasy
Hachi: A Dog's Tale,
10 Years,Romance
I Origins,Sci-Fi
Live Free or Die Hard,Thriller
The Matchbreaker,
Funny Games,Horror
Ted,
RED,Crime
Australia,Romance
Faster,Drama
The Neighbor,Thriller
The Adjustment Bureau,Thriller
The Hollars,Romance
The Judge,
Closed Circuit,Mystery
Transformers: Revenge of the Fallen,Sci-Fi
La tortue rouge,
The Book of Life,Comedy
Incendies,War
The Heartbreak Kid,
Happy Feet,Family
Entourage,
The Strangers,Thriller
Noah,Drama
Neighbors,
Nymphomaniac: Vol. II,
Wild,Drama
Grown Ups,
Blair Witch,
The Karate Kid,Family
Dark Shadows,Horror
Friends with Benefits,
The Illusionist,Romance
The A-Team,Comedy
The Guest,
The Internship,
Paul,Sci-Fi
This Beautiful Fantastic,Fantasy
The Da Vinci Code,
Mr. Church,
Hugo,Family
The Blackcoat's Daughter,
Body of Lies,Romance
Knight of Cups,
The Mummy: Tomb of the Dragon Emperor,Fantasy
The Boss,
Hands of Stone,Drama
El secreto de sus ojos,Romance
True Grit,Western
We Are Your Friends,Romance
A Million Ways to Die in the West,Western
Only for One Night,
Rules Don't Apply,Romance
Ouija: Origin of Evil,
Percy Jackson: Sea of Monsters,Fantasy
Fracture,Mystery
Oculus,
In Bruges,Drama
This Means War,Romance
Lída Baarová,History
The Road,
Lavender,
Deuces,
Conan the Barbarian,Fantasy
The Fighter,Drama
August Rush,
Chef,
Eye in the Sky,War
Eagle Eye,Thriller
The Purge,Thriller
PK,Romance
Ender's Game,
Indiana Jones and the Kingdom of the Crystal Skull,Fantasy
Paper Towns,Romance
High-Rise,
Quantum of Solace,Thriller
The Assignment,Thriller
How to Train Your Dragon,Adventure
Lady in the Water,Mystery
The Fountain,
Cars 2,Comedy
31,
Final Girl,
Chalk It Up,
The Man Who Knew Infinity,
Unknown,Thriller
Self/less,Sci-Fi
Mr. Brooks,Thriller
Tramps,
Before We Go,Romance
Captain Phillips,Thriller
The Secret Scripture,
Max Steel,Family
Hotel Transylvania 2,Family
Hancock,Drama
Sisters,
The Family,Thriller
Zack and Miri Make a Porno,
Ma vie de Courgette,Drama
Man on a Ledge,Thriller
No Strings Attached,
Rescue Dawn,Drama
Despicable Me 2,Comedy
A Walk Among the Tombstones,Mystery
The World's End,Sci-Fi
Yoga Hosers,Horror
Seven Psychopaths,
Beowulf,Adventure
Jack Ryan: Shadow Recruit,Thriller
1408,
The Gambler,Thriller
Prince of Persia: The Sands of Time,Fantasy
The Spectacular Now,Romance
A United Kingdom,Romance
USS Indianapolis: Men of Courage,History
Turbo Kid,Comedy
Mama,
Orphan,Thriller
To Rome with Love,
Fantastic Mr. Fox,Comedy
Inside Man,Mystery
I.T.,Mystery
127 Hours,Drama
Annabelle,Thriller
Wolves at the Door,
Suite Française,War
The Imaginarium of Doctor Parnassus,Mystery
G.I. Joe: The Rise of Cobra,Sci-Fi
Christine,
Man Down,
Crawlspace,
Shut In,Thriller
The Warriors Gate,Fantasy
Grindhouse,Thriller
Disaster Movie,
Rocky Balboa,
Diary of a Wimpy Kid: Dog Days,
Jane Eyre,
Fool's Gold,Comedy
The Dictator,
The Loft,Thriller
Bacalaureat,
You Don't Mess with the Zohan,
Exposed,Mystery
Maudie,Romance
Horrible Bosses 2,
A Bigger Splash,
Melancholia,
The Princess and the Frog,Comedy
Unstoppable,
Flight,
Home,Comedy
La migliore offerta,Mystery
Mean Dreams,
42,Sport
21,Thriller
Begin Again,
Out of the Furnace,Thriller
Vicky Cristina Barcelona,
Kung Fu Panda,Adventure
Barbershop: The Next Cut,
Terminator Salvation,Drama
Freedom Writers,Drama
The Hills Have Eyes,
Changeling,Mystery
Remember Me,
Koe no katachi,Romance
Alexander and the Terrible, Very Bad Day
Locke,
The 9th Life of Louis Drax,
Horns,Horror
Indignation,
The Stanford Prison Experiment,History
Diary of a Wimpy Kid: Rodrick Rules,
Mission: Impossible III,Thriller
En man som heter Ove,
Dragonball Evolution,Fantasy
Red Dawn,
One Day,
Life as We Know It,Romance
28 Weeks Later,Sci-Fi
Warm Bodies,Romance
Blue Jasmine,
G.I. Joe: Retaliation,Sci-Fi
Wrath of the Titans,Fantasy
Shin Gojira,Drama
Saving Mr. Banks,Drama
Transcendence,Romance
Rio,Comedy
Equals,Sci-Fi
Babel,
The Tree of Life,
The Lucky One,
Piranha 3D,Thriller
50/50,Romance
The Intent,
This Is 40,
Real Steel,Family
Sex and the City,Romance
Rambo,War
Planet Terror,Horror
Concussion,Sport
The Fall,Drama
The Ugly Truth,
Bride Wars,
Sleeping with Other People,Romance
Snakes on a Plane,Crime
What If,
How to Train Your Dragon 2,Adventure
RoboCop,Sci-Fi
In Dubious Battle,
Hello,Drama
Ocean's Thirteen,
Slither,Sci-Fi
Contagion,
Il racconto dei racconti - Tale of Tales,Horror
I Am the Pretty Thing That Lives in the House,
Bridge to Terabithia,Family
Coherence,Thriller
Notorious,Drama
Goksung,Horror
The Expendables 2,Thriller
The Girl Next Door,Horror
Perfume: The Story of a Murderer,Fantasy
The Golden Compass,Fantasy
Centurion,Drama
Scouts Guide to the Zombie Apocalypse,Horror
17 Again,Family
No Escape,
Superman Returns,Sci-Fi
The Twilight Saga: Breaking Dawn - Part 1,Fantasy
Precious,
The Sea of Trees,
Good Kids,
The Master,
Footloose,Music
If I Stay,Music
The Ticket,
Detour,
The Love Witch,
Talladega Nights: The Ballad of Ricky Bobby,Sport
The Human Centipede (First Sequence),
Super,
The Siege of Jadotville,Thriller
Up in the Air,
The Midnight Meat Train,
The Twilight Saga: Eclipse,Fantasy
Transpecos,
What's Your Number?,
Riddick,Thriller
Triangle,Thriller
The Butler,
King Cobra,
After Earth,Sci-Fi
Kicks,
Me and Earl and the Dying Girl,
The Descendants,
Sex and the City 2,Romance
The Kings of Summer,Drama
Death Race,Thriller
That Awkward Moment,
Legion,Horror
End of Watch,Thriller
3 Days to Kill,Thriller
Lucky Number Slevin,Mystery
Trance,Mystery
Into the Forest,Thriller
The Other Boleyn Girl,History
I Spit on Your Grave,Thriller
Custody,
Inland Empire,Thriller
L'odyssée,
The Walk,Crime
Wrecker,Thriller
The Lone Ranger,Western
Texas Chainsaw 3D,
Disturbia,Thriller
Rock of Ages,Musical
Scream 4,
Queen of Katwe,Sport
My Big Fat Greek Wedding 2,Romance
Dark Places,Thriller
Amateur Night,
It's Only the End of the World,
The Skin I Live In,
Miracles from Heaven,Family
Annie,Family
Across the Universe,Musical
Let's Be Cops,
Max,
Your Highness,Fantasy
Final Destination 5,
Endless Love,
Martyrs,
Selma,History
Underworld: Rise of the Lycans,Fantasy
Taare Zameen Par,Music
Take Me Home Tonight,Romance
Resident Evil: Afterlife,Horror
Project X,
Secret in Their Eyes,Mystery
Hostel: Part II,
Step Up 2: The Streets,Romance
Search Party,
Nine Lives,Fantasy
